Ranuda,Ranuda@123
Pamod,Pamod@123
Enuri,Enuri@123
Yuhansa,Yuhansa@123
Pabasara,Pabasara@123
Mindi,Mindi@123